<schemalist>
	<schema id="com.github.gkarsay.parlatype" path="/com/github/gkarsay/parlatype/">
		<key name="rewind-on-pause" type="i">
			<range min="0" max="10"/>
			<default>2</default>
			<summary>Rewind on pause</summary>
			<description>Value in seconds</description>
		</key>
		<key name="jump-back" type="i">
			<range min="1" max="60"/>
			<default>10</default>
			<summary>Jump back</summary>
			<description>Value in seconds</description>
		</key>
		<key name="jump-forward" type="i">
			<range min="1" max="60"/>
			<default>10</default>
			<summary>Jump forward</summary>
			<description>Value in seconds</description>
		</key>
		<key name="pps" type="i">
			<range min="10" max="200"/>
			<default>100</default>
			<summary>Pixels per second</summary>
			<description>Pixels per second</description>
		</key>
		<key name="x-pos" type="i">
			<default>100</default>
			<summary>Window's horizontal position</summary>
			<description>Window's horizontal position</description>
		</key>
		<key name="y-pos" type="i">
			<default>100</default>
			<summary>Window's vertical position</summary>
			<description>Window's vertical position</description>
		</key>
		<key name="width" type="i">
			<default>100</default>
			<summary>Window's width</summary>
			<description>Window's width</description>
		</key>
		<key name="height" type="i">
			<default>100</default>
			<summary>Window's height</summary>
			<description>Window's height</description>
		</key>
		<key name="remember-position" type="b">
			<default>false</default>
			<summary>Remember window's position</summary>
			<description>Remember window's position</description>
		</key>
		<key name="remember-size" type="b">
			<default>false</default>
			<summary>Remember window's size</summary>
			<description>Remember window's size</description>
		</key>
		<key name="start-on-top" type="b">
			<default>false</default>
			<summary>Start window on top</summary>
			<description>Start window on top</description>
		</key>
		<key name="show-ruler" type="b">
			<default>true</default>
			<summary>Show ruler</summary>
			<description>Show ruler</description>
		</key>
		<key name="fixed-cursor" type="b">
			<default>false</default>
			<summary>Fixed cursor</summary>
			<description>Fixed cursor</description>
		</key>
	</schema>
</schemalist>
