<?xml version="1.0"?>
<!DOCTYPE chapter PUBLIC "-//OASIS//DTD DocBook XML V4.3//EN"
               "http://www.oasis-open.org/docbook/xml/4.3/docbookx.dtd" [
]>

<chapter id="gallery" xmlns:xi="http://www.w3.org/2003/XInclude">
  <title>Widget gallery</title>
	<para>Parlatype provides two GtkWidgets, PtProgressDialog and PtWaveviewer.
	</para>
  <para role="gallery">
    <link linkend="PtProgressDialog">
      <inlinegraphic fileref="pt-progress-dialog.png" format="PNG"></inlinegraphic>
    </link>
    <link linkend="PtWaveviewer">
      <inlinegraphic fileref="pt-waveviewer.png" format="PNG"></inlinegraphic>
    </link>
  </para>
</chapter>
