<?xml version="1.0"?>
<!DOCTYPE book PUBLIC "-//OASIS//DTD DocBook XML V4.3//EN"
               "http://www.oasis-open.org/docbook/xml/4.3/docbookx.dtd"
[
  <!ENTITY % local.common.attrib "xmlns:xi  CDATA  #FIXED 'http://www.w3.org/2003/XInclude'">
  <!ENTITY version SYSTEM "version.xml">
]>
<book lang="en" id="parlatype">
	<bookinfo>
		<title>Parlatype Reference Manual</title>
		<releaseinfo>
      for parlatype &version;.
      <!-- The latest version of this documentation can be found on-line at
      <ulink role="online-location" url="http://[SERVER]/parlatype/index.html">http://[SERVER]/parlatype/</ulink>. -->
		</releaseinfo>
		<authorgroup>
			<author>
				<firstname>Gabor</firstname>
				<surname>Karsay</surname>
			</author>
		</authorgroup>
	</bookinfo>

	<part>
		<title>Overview</title>
		<xi:include href="introduction.xml"/>
		<xi:include href="using_library.xml"/>
		<xi:include href="python_example.xml"/>
	</part>

	<part>
		<title>Main backend: PtPlayer</title>
    <xi:include href="xml/pt-player.xml"/>
  </part>

	<part>
		<title>GtkWidgets</title>
		<xi:include href="gallery.xml"/>
    <xi:include href="xml/pt-progress-dialog.xml"/>
    <xi:include href="xml/pt-waveviewer.xml"/>
	</part>

  <part>
    <title>Internals: Get Wavedata</title>
    <xi:include href="xml/pt-wavedata.xml"/>
    <xi:include href="xml/pt-waveloader.xml"/>
  </part>

  <chapter id="object-tree">
    <title>Object Hierarchy</title>
     <xi:include href="xml/tree_index.sgml"/>
  </chapter>
  <index id="api-index-full">
    <title>API Index</title>
    <xi:include href="xml/api-index-full.xml"><xi:fallback /></xi:include>
  </index>
  <!-- <index id="deprecated-api-index" role="deprecated">
    <title>Index of deprecated API</title>
    <xi:include href="xml/api-index-deprecated.xml"><xi:fallback /></xi:include>
  </index> -->

  <xi:include href="xml/annotation-glossary.xml"><xi:fallback /></xi:include>
</book>
