{
    "app-id": "com.github.gkarsay.parlatype",
    "branch": "stable",
    
    "runtime": "org.gnome.Platform",
    "runtime-version": "3.24",
    "sdk": "org.gnome.Sdk",
    
    "command": "parlatype",
    
    "tags": [],
    
    "finish-args": [
        "--share=ipc",
        "--socket=x11",
        "--socket=wayland",
        "--socket=pulseaudio",
        
        "--filesystem=host",
        
        "--env=DCONF_USER_CONFIG_DIR=.config/dconf",
        "--filesystem=xdg-run/dconf",
        "--filesystem=~/.config/dconf:ro",
        "--talk-name=ca.desrt.dconf",
        "--talk-name=org.freedesktop.secrets",
        
        "--talk-name=org.gnome.SettingsDaemon",

        "--own-name=com.github.gkarsay.parlatype"
    ],
    "build-options": {
        "cflags": "-O2 -g"
    },
    "cleanup": [
        "*.la",
        "*.a",
        "/include",
        "/lib/pkgconfig",
        "/share/pkgconfig",
        "/share/aclocal",
        "/man",
        "/share/bash-completion",
        "/share/gtk-doc",
        "/share/man"
    ],
    "modules": [
        {
            "name": "parlatype",
            "config-opts": [
                "--disable-introspection",
                "--without-libreoffice"
            ],
            "sources": [
                {
                    "type": "git",
                    "url": "https://github.com/gkarsay/parlatype.git",
                    "branch": "v1.5.2"
                }
            ]
        }
    ]
}

