<?xml version="1.0" encoding="UTF-8"?>
<gresources>
  <gresource prefix="/com/github/gkarsay/parlatype">
    <file>icons/cursor.png</file>
    <file preprocess="xml-stripblanks">window.ui</file>
    <file preprocess="xml-stripblanks">menus.ui</file>
    <file preprocess="xml-stripblanks">goto-dialog.ui</file>
    <file preprocess="xml-stripblanks">preferences.ui</file>
    <file preprocess="xml-stripblanks">window-headerbar.ui</file>
    <file>parlatype.css</file>
  </gresource>
  <gresource prefix="/com/github/gkarsay/parlatype/gtk">
    <file preprocess="xml-stripblanks">help-overlay.ui</file>
  </gresource>
</gresources>
